{"cameraMode":{"drawMode":0,"name":"Shaded","section":"Shading Mode"},"sceneLighting":true,"audioPlay":false,"sceneViewState":{"showFog":true,"showMaterialUpdate":false,"showSkybox":true,"showFlares":true,"showImageEffects":true,"showParticleSystems":true},"in2DMode":false,"pivot":{"x":581.0655517578125,"y":-778.84521484375,"z":-488.4134216308594},"rotation":{"x":0.1700809746980667,"y":0.8292468190193176,"z":-0.35727035999298098,"w":0.39473456144332888},"size":1095.207763671875,"orthographic":false}