{"cameraMode":{"drawMode":0,"name":"Shaded","section":"Shading Mode"},"sceneLighting":true,"audioPlay":false,"sceneViewState":{"showFog":true,"showMaterialUpdate":false,"showSkybox":true,"showFlares":true,"showImageEffects":true,"showParticleSystems":true},"in2DMode":false,"pivot":{"x":-0.08961856365203858,"y":3.0955514907836916,"z":-1.2058990001678467},"rotation":{"x":-0.22326605021953584,"y":0.6026270985603333,"z":-0.1806766837835312,"w":-0.7445789575576782},"size":1.7716295719146729,"orthographic":false}