{"cameraMode":{"drawMode":0,"name":"Shaded","section":"Shading Mode"},"sceneLighting":true,"audioPlay":false,"sceneViewState":{"showFog":true,"showMaterialUpdate":false,"showSkybox":true,"showFlares":true,"showImageEffects":true,"showParticleSystems":true},"in2DMode":false,"pivot":{"x":11.342439651489258,"y":10.11074447631836,"z":-24.44687843322754},"rotation":{"x":0.007481119129806757,"y":-0.9625568985939026,"z":0.2698255479335785,"w":0.026217374950647355},"size":22.0,"orthographic":false}