{"cameraMode":{"drawMode":0,"name":"Shaded","section":"Shading Mode"},"sceneLighting":true,"audioPlay":false,"sceneViewState":{"showFog":true,"showMaterialUpdate":false,"showSkybox":true,"showFlares":true,"showImageEffects":true,"showParticleSystems":true},"in2DMode":false,"pivot":{"x":12.466876029968262,"y":0.578459620475769,"z":-91.64325714111328},"rotation":{"x":0.001623658579774201,"y":0.9973000884056091,"z":-0.04228508099913597,"w":0.06211599335074425},"size":77.51151275634766,"orthographic":false}