{"cameraMode":{"drawMode":0,"name":"Shaded","section":"Shading Mode"},"sceneLighting":true,"audioPlay":false,"sceneViewState":{"showFog":true,"showMaterialUpdate":false,"showSkybox":true,"showFlares":true,"showImageEffects":true,"showParticleSystems":true},"in2DMode":false,"pivot":{"x":4.661198616027832,"y":-1.3739696741104127,"z":-26.597408294677736},"rotation":{"x":-0.007624116726219654,"y":-0.9889097213745117,"z":0.05223798006772995,"w":-0.13942815363407136},"size":23.334671020507814,"orthographic":false}