{"cameraMode":{"drawMode":0,"name":"Shaded","section":"Shading Mode"},"sceneLighting":true,"audioPlay":false,"sceneViewState":{"showFog":true,"showMaterialUpdate":false,"showSkybox":true,"showFlares":true,"showImageEffects":true,"showParticleSystems":true},"in2DMode":false,"pivot":{"x":-15.646505355834961,"y":-5.152320861816406,"z":11.774032592773438},"rotation":{"x":0.12865591049194337,"y":-0.43948981165885928,"z":0.06429123133420944,"w":0.8867672085762024},"size":23.334524154663087,"orthographic":false}