{"cameraMode":{"drawMode":0,"name":"Shaded","section":"Shading Mode"},"sceneLighting":true,"audioPlay":false,"sceneViewState":{"showFog":true,"showMaterialUpdate":false,"showSkybox":true,"showFlares":true,"showImageEffects":true,"showParticleSystems":true},"in2DMode":false,"pivot":{"x":-14.375279426574707,"y":-4.878620147705078,"z":-9.752212524414063},"rotation":{"x":-0.11468994617462158,"y":0.7003771066665649,"z":-0.11595553904771805,"w":-0.6950135231018066},"size":21.281803131103517,"orthographic":false}