{"cameraMode":{"drawMode":0,"name":"Shaded","section":"Shading Mode"},"sceneLighting":false,"audioPlay":false,"sceneViewState":{"showFog":true,"showMaterialUpdate":true,"showSkybox":true,"showFlares":true,"showImageEffects":true,"showParticleSystems":true},"in2DMode":false,"pivot":{"x":-1.0953947305679322,"y":109.4104995727539,"z":-28.91985321044922},"rotation":{"x":0.06434964388608933,"y":0.833876371383667,"z":-0.5390846729278565,"w":0.09952729940414429},"size":3.76537823677063,"orthographic":true}