{"cameraMode":{"drawMode":0,"name":"Shaded","section":"Shading Mode"},"sceneLighting":true,"audioPlay":false,"sceneViewState":{"showFog":true,"showMaterialUpdate":false,"showSkybox":true,"showFlares":true,"showImageEffects":true,"showParticleSystems":true},"in2DMode":false,"pivot":{"x":-2.0213003158569338,"y":-0.6390345096588135,"z":4.5159735679626469},"rotation":{"x":-0.20461714267730714,"y":0.10606258362531662,"z":-0.02231191284954548,"w":-0.9728292226791382},"size":5.770069599151611,"orthographic":false}