{"cameraMode":{"drawMode":0,"name":"Shaded","section":"Shading Mode"},"sceneLighting":true,"audioPlay":false,"sceneViewState":{"showFog":true,"showMaterialUpdate":false,"showSkybox":true,"showFlares":true,"showImageEffects":true,"showParticleSystems":true},"in2DMode":false,"pivot":{"x":0.3086366653442383,"y":-3.3533644676208498,"z":7.110679626464844},"rotation":{"x":-0.2800712287425995,"y":0.09511546790599823,"z":-0.027890395373106004,"w":-0.9548560380935669},"size":10.0,"orthographic":false}