{"cameraMode":{"drawMode":0,"name":"Shaded","section":"Shading Mode"},"sceneLighting":true,"audioPlay":false,"sceneViewState":{"showFog":true,"showMaterialUpdate":false,"showSkybox":true,"showFlares":true,"showImageEffects":true,"showParticleSystems":true},"in2DMode":false,"pivot":{"x":2.5667052268981935,"y":1.372415542602539,"z":19.34625244140625},"rotation":{"x":-0.001978841610252857,"y":0.9961592555046082,"z":0.02360518090426922,"w":0.08449190109968186},"size":8.30105209350586,"orthographic":false}