{"cameraMode":{"drawMode":0,"name":"Shaded","section":"Shading Mode"},"sceneLighting":false,"audioPlay":false,"sceneViewState":{"showFog":true,"showMaterialUpdate":true,"showSkybox":true,"showFlares":true,"showImageEffects":true,"showParticleSystems":true},"in2DMode":false,"pivot":{"x":-0.3055362105369568,"y":105.41405487060547,"z":-27.132190704345704},"rotation":{"x":0.5071563124656677,"y":0.006463764701038599,"z":-0.0038037425838410856,"w":0.8618219494819641},"size":3.76537823677063,"orthographic":true}