{"cameraMode":{"drawMode":0,"name":"Shaded","section":"Shading Mode"},"sceneLighting":true,"audioPlay":false,"sceneViewState":{"showFog":true,"showMaterialUpdate":false,"showSkybox":true,"showFlares":true,"showImageEffects":true,"showParticleSystems":true},"in2DMode":false,"pivot":{"x":22.231746673583986,"y":1.3025351762771607,"z":-45.0782585144043},"rotation":{"x":-0.022301191464066507,"y":-0.9548994302749634,"z":0.07436694204807282,"w":-0.28663718700408938},"size":38.77678680419922,"orthographic":false}