{"cameraMode":{"drawMode":0,"name":"Shaded","section":"Shading Mode"},"sceneLighting":true,"audioPlay":false,"sceneViewState":{"showFog":true,"showMaterialUpdate":false,"showSkybox":true,"showFlares":true,"showImageEffects":true,"showParticleSystems":true},"in2DMode":false,"pivot":{"x":34.589820861816409,"y":9.747856140136719,"z":-19.481657028198243},"rotation":{"x":-0.04477863386273384,"y":0.9323060512542725,"z":-0.3369447588920593,"w":-0.12379296123981476},"size":55.432289123535159,"orthographic":false}